sena	sunar	sena@xyz	senasunar	123
utku	eryiğit	utku@xyz	utkueryigit	123
Özlem	Orhon	ozlem@xyz	ozlemorhon	123
Suphi	Cengiz	suphi@xyz	suphicengiz	123
batuhan	sandıkcı	batu@xyz	batuhansandikci	123
mert	özçelik	mert@xyz	mertozcelik	123
Ece	Tomakin	ece@xyz	ecetomakin	123
Edward	Cullen	Edward@xyz	ed	123
Bella	Cullen	bella@xyz	bel	123
sena	sunar	sena@	sena	123
sena	sunar	sena@	ss	123
